<?xml version="1.0"?>
<doc>
    <assembly>
        <name>Syroot.KnownFolders</name>
    </assembly>
    <members>
        <member name="T:Syroot.Windows.IO.KnownFolder">
            <summary>
            Represents a special Windows directory and provides methods to retrieve information about it.
            </summary>
        </member>
        <member name="M:Syroot.Windows.IO.KnownFolder.#ctor(Syroot.Windows.IO.KnownFolderType)">
            <summary>
            Initializes a new instance of the <see cref="T:Syroot.Windows.IO.KnownFolder"/> class for the folder of the given type. It
            provides the values for the current user.
            </summary>
            <param name="type">The <see cref="T:Syroot.Windows.IO.KnownFolderType"/> of the known folder to represent.</param>
        </member>
        <member name="M:Syroot.Windows.IO.KnownFolder.#ctor(Syroot.Windows.IO.KnownFolderType,System.Security.Principal.WindowsIdentity)">
            <summary>
            Initializes a new instance of the <see cref="T:Syroot.Windows.IO.KnownFolder"/> class for the folder of the given type. It
            provides the values for the given impersonated user.
            </summary>
            <param name="type">The <see cref="T:Syroot.Windows.IO.KnownFolderType"/> of the known folder to represent.</param>
            <param name="identity">The <see cref="T:System.Security.Principal.WindowsIdentity"/> of the impersonated user which values will be
            provided.</param>
        </member>
        <member name="P:Syroot.Windows.IO.KnownFolder.Type">
            <summary>
            Gets the type of the known folder which is represented.
            </summary>
        </member>
        <member name="P:Syroot.Windows.IO.KnownFolder.Identity">
            <summary>
            Gets the <see cref="T:System.Security.Principal.WindowsIdentity"/> of the user whose folder values are provided.
            </summary>
        </member>
        <member name="P:Syroot.Windows.IO.KnownFolder.DefaultPath">
            <summary>
            Gets the default path of the folder. This does not require the folder to be existent.
            </summary>
            <exception cref="T:System.Runtime.InteropServices.ExternalException">The known folder could not be retrieved.</exception>
        </member>
        <member name="P:Syroot.Windows.IO.KnownFolder.Path">
            <summary>
            Gets or sets the path as currently configured. This does not require the folder to be existent.
            </summary>
            <exception cref="T:System.Runtime.InteropServices.ExternalException">The known folder could not be retrieved.</exception>
        </member>
        <member name="P:Syroot.Windows.IO.KnownFolder.ExpandedPath">
            <summary>
            Gets or sets the path as currently configured, with all environment variables expanded.
            This does not require the folder to be existent.
            </summary>
            <exception cref="T:System.Runtime.InteropServices.ExternalException">The known folder could not be retrieved.</exception>
        </member>
        <member name="M:Syroot.Windows.IO.KnownFolder.Create">
            <summary>
            Creates the folder using its Desktop.ini settings.
            </summary>
            <exception cref="T:System.Runtime.InteropServices.ExternalException">The known folder could not be retrieved.</exception>
        </member>
        <member name="M:Syroot.Windows.IO.KnownFolder.SHGetKnownFolderPath(System.Guid,System.UInt32,System.IntPtr,System.IntPtr@)">
            <summary>
            Retrieves the full path of a known folder identified by the folder's known folder ID.
            </summary>
            <param name="rfid">A known folder ID that identifies the folder.</param>
            <param name="dwFlags">Flags that specify special retrieval options. This value can be 0; otherwise, one or
            more of the <see cref="T:Syroot.Windows.IO.KnownFolder.KnownFolderFlags"/> values.</param>
            <param name="hToken">An access token that represents a particular user. If this parameter is NULL, which is
            the most common usage, the function requests the known folder for the current user. Assigning a value of -1
            indicates the Default User. The default user profile is duplicated when any new user account is created.
            Note that access to the Default User folders requires administrator privileges.</param>
            <param name="ppszPath">When this method returns, contains the address of a string that specifies the path of
            the known folder. The returned path does not include a trailing backslash.</param>
            <returns>Returns S_OK if successful, or an error value otherwise.</returns>
            <msdn-id>bb762188</msdn-id>
        </member>
        <member name="M:Syroot.Windows.IO.KnownFolder.SHSetKnownFolderPath(System.Guid,System.UInt32,System.IntPtr,System.String)">
            <summary>
            Redirects a known folder to a new location.
            </summary>
            <param name="rfid">A <see cref="T:System.Guid"/> that identifies the known folder.</param>
            <param name="dwFlags">Either 0 or <see cref="F:Syroot.Windows.IO.KnownFolder.KnownFolderFlags.DontUnexpand"/>.</param>
            <param name="hToken"></param>
            <param name="pszPath"></param>
            <returns></returns>
            <msdn-id>bb762249</msdn-id>
        </member>
        <member name="T:Syroot.Windows.IO.KnownFolder.KnownFolderFlags">
            <summary>
            Represents the retrieval options for known folders.
            </summary>
            <msdn-id>dd378447</msdn-id>
        </member>
        <member name="T:Syroot.Windows.IO.KnownFolders">
            <summary>
            A collection of properties to retrieve specific file system paths for the current user.
            </summary>
        </member>
        <member name="P:Syroot.Windows.IO.KnownFolders.AccountPictures">
            <summary>
            The per-user Account Pictures folder. Introduced in Windows 8.
            Defaults to &quot;%APPDATA%\Microsoft\Windows\AccountPictures&quot;.
            </summary>
        </member>
        <member name="P:Syroot.Windows.IO.KnownFolders.AdminTools">
            <summary>
            The per-user Administrative Tools folder.
            Defaults to &quot;%APPDATA%\Microsoft\Windows\Start Menu\Programs\Administrative Tools&quot;.
            </summary>
        </member>
        <member name="P:Syroot.Windows.IO.KnownFolders.ApplicationShortcuts">
            <summary>
            The per-user Application Shortcuts folder. Introduced in Windows 8.
            Defaults to &quot;%LOCALAPPDATA%\Microsoft\Windows\Application Shortcuts&quot;.
            </summary>
        </member>
        <member name="P:Syroot.Windows.IO.KnownFolders.CameraRoll">
            <summary>
            The per-user Camera Roll folder. Introduced in Windows 8.1.
            Defaults to &quot;.%USERPROFILE%\Pictures\Camera Roll&quot;.
            </summary>
        </member>
        <member name="P:Syroot.Windows.IO.KnownFolders.CDBurning">
            <summary>
            The per-user Temporary Burn Folder.
            Defaults to &quot;%LOCALAPPDATA%\Microsoft\Windows\Burn\Burn&quot;.
            </summary>
        </member>
        <member name="P:Syroot.Windows.IO.KnownFolders.CommonAdminTools">
            <summary>
            The common Administrative Tools folder.
            Defaults to &quot;%ALLUSERSPROFILE%\Microsoft\Windows\Start Menu\Programs\Administrative Tools&quot;.
            </summary>
        </member>
        <member name="P:Syroot.Windows.IO.KnownFolders.CommonOemLinks">
            <summary>
            The common OEM Links folder.
            Defaults to &quot;%ALLUSERSPROFILE%\OEM Links&quot;.
            </summary>
        </member>
        <member name="P:Syroot.Windows.IO.KnownFolders.CommonPrograms">
            <summary>
            The common Programs folder.
            Defaults to &quot;%ALLUSERSPROFILE%\Microsoft\Windows\Start Menu\Programs&quot;.
            </summary>
        </member>
        <member name="P:Syroot.Windows.IO.KnownFolders.CommonStartMenu">
            <summary>
            The common Start Menu folder.
            Defaults to &quot;%ALLUSERSPROFILE%\Microsoft\Windows\Start Menu&quot;.
            </summary>
        </member>
        <member name="P:Syroot.Windows.IO.KnownFolders.CommonStartup">
            <summary>
            The common Startup folder.
            Defaults to &quot;%ALLUSERSPROFILE%\Microsoft\Windows\Start Menu\Programs\StartUp&quot;.
            </summary>
        </member>
        <member name="P:Syroot.Windows.IO.KnownFolders.CommonTemplates">
            <summary>
            The common Templates folder.
            Defaults to &quot;%ALLUSERSPROFILE%\Microsoft\Windows\Templates&quot;.
            </summary>
        </member>
        <member name="P:Syroot.Windows.IO.KnownFolders.Contacts">
            <summary>
            The per-user Contacts folder. Introduced in Windows Vista.
            Defaults to &quot;%USERPROFILE%\Contacts&quot;.
            </summary>
        </member>
        <member name="P:Syroot.Windows.IO.KnownFolders.Cookies">
            <summary>
            The per-user Cookies folder.
            Defaults to &quot;%APPDATA%\Microsoft\Windows\Cookies&quot;.
            </summary>
        </member>
        <member name="P:Syroot.Windows.IO.KnownFolders.Desktop">
            <summary>
            The per-user Desktop folder.
            Defaults to &quot;%USERPROFILE%\Desktop&quot;.
            </summary>
        </member>
        <member name="P:Syroot.Windows.IO.KnownFolders.DeviceMetadataStore">
            <summary>
            The common DeviceMetadataStore folder. Introduced in Windows 7.
            Defaults to &quot;%ALLUSERSPROFILE%\Microsoft\Windows\DeviceMetadataStore&quot;.
            </summary>
        </member>
        <member name="P:Syroot.Windows.IO.KnownFolders.Documents">
            <summary>
            The per-user Documents folder.
            Defaults to &quot;%USERPROFILE%\Documents&quot;.
            </summary>
        </member>
        <member name="P:Syroot.Windows.IO.KnownFolders.DocumentsLibrary">
            <summary>
            The per-user Documents library. Introduced in Windows 7.
            Defaults to &quot;%APPDATA%\Microsoft\Windows\Libraries\Documents.library-ms&quot;.
            </summary>
        </member>
        <member name="P:Syroot.Windows.IO.KnownFolders.Downloads">
            <summary>
            The per-user Downloads folder.
            Defaults to &quot;%USERPROFILE%\Downloads&quot;.
            </summary>
        </member>
        <member name="P:Syroot.Windows.IO.KnownFolders.Favorites">
            <summary>
            The per-user Favorites folder.
            Defaults to &quot;%USERPROFILE%\Favorites&quot;.
            </summary>
        </member>
        <member name="P:Syroot.Windows.IO.KnownFolders.Fonts">
            <summary>
            The fixed Fonts folder.
            Points to &quot;%WINDIR%\Fonts&quot;.
            </summary>
        </member>
        <member name="P:Syroot.Windows.IO.KnownFolders.GameTasks">
            <summary>
            The per-user GameExplorer folder. Introduced in Windows Vista.
            Defaults to &quot;%LOCALAPPDATA%\Microsoft\Windows\GameExplorer&quot;.
            </summary>
        </member>
        <member name="P:Syroot.Windows.IO.KnownFolders.History">
            <summary>
            The per-user History folder.
            Defaults to &quot;%LOCALAPPDATA%\Microsoft\Windows\History&quot;.
            </summary>
        </member>
        <member name="P:Syroot.Windows.IO.KnownFolders.ImplicitAppShortcuts">
            <summary>
            The per-user ImplicitAppShortcuts folder. Introduced in Windows 7.
            Defaults to &quot;%APPDATA%\Microsoft\Internet Explorer\Quick Launch\User Pinned\ImplicitAppShortcuts&quot;.
            </summary>
        </member>
        <member name="P:Syroot.Windows.IO.KnownFolders.InternetCache">
            <summary>
            The per-user Temporary Internet Files folder.
            Defaults to &quot;%LOCALAPPDATA%\Microsoft\Windows\Temporary Internet Files&quot;.
            </summary>
        </member>
        <member name="P:Syroot.Windows.IO.KnownFolders.Libraries">
            <summary>
            The per-user Libraries folder. Introduced in Windows 7.
            Defaults to &quot;%APPDATA%\Microsoft\Windows\Libraries&quot;.
            </summary>
        </member>
        <member name="P:Syroot.Windows.IO.KnownFolders.Links">
            <summary>
            The per-user Links folder.
            Defaults to &quot;%USERPROFILE%\Links&quot;.
            </summary>
        </member>
        <member name="P:Syroot.Windows.IO.KnownFolders.LocalAppData">
            <summary>
            The per-user Local folder.
            Defaults to &quot;%LOCALAPPDATA%&quot; (&quot;%USERPROFILE%\AppData\Local&quot;)&quot;.
            </summary>
        </member>
        <member name="P:Syroot.Windows.IO.KnownFolders.LocalAppDataLow">
            <summary>
            The per-user LocalLow folder.
            Defaults to &quot;%USERPROFILE%\AppData\LocalLow&quot;.
            </summary>
        </member>
        <member name="P:Syroot.Windows.IO.KnownFolders.LocalizedResourcesDir">
            <summary>
            The fixed LocalizedResourcesDir folder.
            Points to &quot;%WINDIR%\resources\0409&quot; (code page).
            </summary>
        </member>
        <member name="P:Syroot.Windows.IO.KnownFolders.Music">
            <summary>
            The per-user Music folder.
            Defaults to &quot;%USERPROFILE%\Music&quot;.
            </summary>
        </member>
        <member name="P:Syroot.Windows.IO.KnownFolders.MusicLibrary">
            <summary>
            The per-user Music library. Introduced in Windows 7.
            Defaults to &quot;%APPDATA%\Microsoft\Windows\Libraries\Music.library-ms&quot;.
            </summary>
        </member>
        <member name="P:Syroot.Windows.IO.KnownFolders.NetHood">
            <summary>
            The per-user Network Shortcuts folder.
            Defaults to &quot;%APPDATA%\Microsoft\Windows\Network Shortcuts&quot;.
            </summary>
        </member>
        <member name="P:Syroot.Windows.IO.KnownFolders.OriginalImages">
            <summary>
            The per-user Original Images folder. Introduced in Windows Vista.
            Defaults to &quot;%LOCALAPPDATA%\Microsoft\Windows Photo Gallery\Original Images&quot;.
            </summary>
        </member>
        <member name="P:Syroot.Windows.IO.KnownFolders.PhotoAlbums">
            <summary>
            The per-user Slide Shows folder. Introduced in Windows Vista.
            Defaults to &quot;%USERPROFILE%\Pictures\Slide Shows&quot;.
            </summary>
        </member>
        <member name="P:Syroot.Windows.IO.KnownFolders.PicturesLibrary">
            <summary>
            The per-user Pictures library. Introduced in Windows 7.
            Defaults to &quot;%APPDATA%\Microsoft\Windows\Libraries\Pictures.library-ms&quot;.
            </summary>
        </member>
        <member name="P:Syroot.Windows.IO.KnownFolders.Pictures">
            <summary>
            The per-user Pictures folder.
            Defaults to &quot;%USERPROFILE%\Pictures&quot;.
            </summary>
        </member>
        <member name="P:Syroot.Windows.IO.KnownFolders.Playlists">
            <summary>
            The per-user Playlists folder.
            Defaults to &quot;%USERPROFILE%\Music\Playlists&quot;.
            </summary>
        </member>
        <member name="P:Syroot.Windows.IO.KnownFolders.PrintHood">
            <summary>
            The per-user Printer Shortcuts folder.
            Defaults to &quot;%APPDATA%\Microsoft\Windows\Printer Shortcuts&quot;.
            </summary>
        </member>
        <member name="P:Syroot.Windows.IO.KnownFolders.Profile">
            <summary>
            The fixed user profile folder.
            Defaults to &quot;%USERPROFILE%&quot; (&quot;%SYSTEMDRIVE%\USERS\%USERNAME%&quot;)&quot;.
            </summary>
        </member>
        <member name="P:Syroot.Windows.IO.KnownFolders.ProgramData">
            <summary>
            The fixed ProgramData folder.
            Points to &quot;%ALLUSERSPROFILE%&quot; (&quot;%PROGRAMDATA%&quot;, &quot;%SYSTEMDRIVE%\ProgramData&quot;).
            </summary>
        </member>
        <member name="P:Syroot.Windows.IO.KnownFolders.ProgramFiles">
            <summary>
            The fixed Program Files folder.
            This is the same as the <see cref="P:Syroot.Windows.IO.KnownFolders.ProgramFilesX86"/> known folder in 32-bit applications or the
            <see cref="P:Syroot.Windows.IO.KnownFolders.ProgramFilesX64"/> known folder in 64-bit applications.
            Points to %SYSTEMDRIVE%\Program Files on a 32-bit operating system or in 64-bit applications on a 64-bit
            operating system and to %SYSTEMDRIVE%\Program Files (x86) in 32-bit applications on a 64-bit operating
            system.
            </summary>
        </member>
        <member name="P:Syroot.Windows.IO.KnownFolders.ProgramFilesX64">
            <summary>
            The fixed Program Files folder (64-bit forced).
            This known folder is unsupported in 32-bit applications.
            Points to %SYSTEMDRIVE%\Program Files.
            </summary>
        </member>
        <member name="P:Syroot.Windows.IO.KnownFolders.ProgramFilesX86">
            <summary>
            The fixed Program Files folder (32-bit forced).
            This is the same as the <see cref="P:Syroot.Windows.IO.KnownFolders.ProgramFiles"/> known folder in 32-bit applications.
            Points to &quot;%SYSTEMDRIVE%\Program Files&quot; on a 32-bit operating system and to
            &quot;%SYSTEMDRIVE%\Program Files (x86)&quot; on a 64-bit operating system.
            </summary>
        </member>
        <member name="P:Syroot.Windows.IO.KnownFolders.ProgramFilesCommon">
            <summary>
            The fixed Common Files folder.
            This is the same as the <see cref="P:Syroot.Windows.IO.KnownFolders.ProgramFilesCommonX86"/> known folder in 32-bit applications or the
            <see cref="P:Syroot.Windows.IO.KnownFolders.ProgramFilesCommonX64"/> known folder in 64-bit applications.
            Points to&quot; %PROGRAMFILES%\Common Files&quot; on a 32-bit operating system or in 64-bit applications on
            a 64-bit operating system and to &quot;%PROGRAMFILES(X86)%\Common Files&quot; in 32-bit applications on a
            64-bit operating system.
            </summary>
        </member>
        <member name="P:Syroot.Windows.IO.KnownFolders.ProgramFilesCommonX64">
            <summary>
            The fixed Common Files folder (64-bit forced).
            This known folder is unsupported in 32-bit applications.
            Points to &quot;%PROGRAMFILES%\Common Files&quot;.
            </summary>
        </member>
        <member name="P:Syroot.Windows.IO.KnownFolders.ProgramFilesCommonX86">
            <summary>
            The fixed Common Files folder (32-bit forced).
            This is the same as the <see cref="P:Syroot.Windows.IO.KnownFolders.ProgramFilesCommon"/> known folder in 32-bit applications.
            Points to &quot;%PROGRAMFILES%\Common Files&quot; on a 32-bit operating system and to
            &quot;%PROGRAMFILES(X86)%\Common Files&quot; on a 64-bit operating system.
            </summary>
        </member>
        <member name="P:Syroot.Windows.IO.KnownFolders.Programs">
            <summary>
            The per-user Programs folder.
            Defaults to &quot;%APPDATA%\Microsoft\Windows\Start Menu\Programs&quot;.
            </summary>
        </member>
        <member name="P:Syroot.Windows.IO.KnownFolders.Public">
            <summary>
            The fixed Public folder. Introduced in Windows Vista.
            Defaults to &quot;%PUBLIC%&quot; (&quot;%SYSTEMDRIVE%\Users\Public)&quot;.
            </summary>
        </member>
        <member name="P:Syroot.Windows.IO.KnownFolders.PublicDesktop">
            <summary>
            The common Public Desktop folder.
            Defaults to &quot;%PUBLIC%\Desktop&quot;.
            </summary>
        </member>
        <member name="P:Syroot.Windows.IO.KnownFolders.PublicDocuments">
            <summary>
            The common Public Documents folder.
            Defaults to &quot;%PUBLIC%\Documents&quot;.
            </summary>
        </member>
        <member name="P:Syroot.Windows.IO.KnownFolders.PublicDownloads">
            <summary>
            The common Public Downloads folder. Introduced in Windows Vista.
            Defaults to &quot;%PUBLIC%\Downloads&quot;.
            </summary>
        </member>
        <member name="P:Syroot.Windows.IO.KnownFolders.PublicGameTasks">
            <summary>
            The common GameExplorer folder. Introduced in Windows Vista.
            Defaults to &quot;%ALLUSERSPROFILE%\Microsoft\Windows\GameExplorer&quot;.
            </summary>
        </member>
        <member name="P:Syroot.Windows.IO.KnownFolders.PublicLibraries">
            <summary>
            The common Libraries folder. Introduced in Windows 7.
            Defaults to &quot;%ALLUSERSPROFILE%\Microsoft\Windows\Libraries&quot;.
            </summary>
        </member>
        <member name="P:Syroot.Windows.IO.KnownFolders.PublicMusic">
            <summary>
            The common Public Music folder.
            Defaults to &quot;%PUBLIC%\Music&quot;.
            </summary>
        </member>
        <member name="P:Syroot.Windows.IO.KnownFolders.PublicPictures">
            <summary>
            The common Public Pictures folder.
            Defaults to &quot;%PUBLIC%\Pictures&quot;.
            </summary>
        </member>
        <member name="P:Syroot.Windows.IO.KnownFolders.PublicRingtones">
            <summary>
            The common Ringtones folder. Introduced in Windows 7.
            Defaults to &quot;%ALLUSERSPROFILE%\Microsoft\Windows\Ringtones&quot;.
            </summary>
        </member>
        <member name="P:Syroot.Windows.IO.KnownFolders.PublicUserTiles">
            <summary>
            The common Public Account Pictures folder. Introduced in Windows 8.
            Defaults to &quot;%PUBLIC%\AccountPictures&quot;.
            </summary>
        </member>
        <member name="P:Syroot.Windows.IO.KnownFolders.PublicVideos">
            <summary>
            The common Public Videos folder.
            Defaults to &quot;%PUBLIC%\Videos&quot;.
            </summary>
        </member>
        <member name="P:Syroot.Windows.IO.KnownFolders.QuickLaunch">
            <summary>
            The per-user Quick Launch folder.
            Defaults to &quot;%APPDATA%\Microsoft\Internet Explorer\Quick Launch&quot;.
            </summary>
        </member>
        <member name="P:Syroot.Windows.IO.KnownFolders.Recent">
            <summary>
            The per-user Recent Items folder.
            Defaults to &quot;%APPDATA%\Microsoft\Windows\Recent&quot;.
            </summary>
        </member>
        <member name="P:Syroot.Windows.IO.KnownFolders.RecordedTVLibrary">
            <summary>
            The common Recorded TV library. Introduced in Windows 7.
            Defaults to &quot;%PUBLIC%\RecordedTV.library-ms&quot;.
            </summary>
        </member>
        <member name="P:Syroot.Windows.IO.KnownFolders.ResourceDir">
            <summary>
            The fixed Resources folder.
            Points to &quot;%WINDIR%\Resources&quot;.
            </summary>
        </member>
        <member name="P:Syroot.Windows.IO.KnownFolders.Ringtones">
            <summary>
            The per-user Ringtones folder. Introduced in Windows 7.
            Defaults to &quot;%LOCALAPPDATA%\Microsoft\Windows\Ringtones&quot;.
            </summary>
        </member>
        <member name="P:Syroot.Windows.IO.KnownFolders.RoamingAppData">
            <summary>
            The per-user Roaming folder.
            Defaults to &quot;%APPDATA%&quot; (&quot;%USERPROFILE%\AppData\Roaming&quot;).
            </summary>
        </member>
        <member name="P:Syroot.Windows.IO.KnownFolders.RoamedTileImages">
            <summary>
            The per-user RoamedTileImages folder. Introduced in Windows 8.
            Defaults to &quot;%LOCALAPPDATA%\Microsoft\Windows\RoamedTileImages&quot;.
            </summary>
        </member>
        <member name="P:Syroot.Windows.IO.KnownFolders.RoamingTiles">
            <summary>
            The per-user RoamingTiles folder. Introduced in Windows 8.
            Defaults to &quot;%LOCALAPPDATA%\Microsoft\Windows\RoamingTiles&quot;.
            </summary>
        </member>
        <member name="P:Syroot.Windows.IO.KnownFolders.SampleMusic">
            <summary>
            The common Sample Music folder.
            Defaults to &quot;%PUBLIC%\Music\Sample Music&quot;.
            </summary>
        </member>
        <member name="P:Syroot.Windows.IO.KnownFolders.SamplePictures">
            <summary>
            The common Sample Pictures folder.
            Defaults to &quot;%PUBLIC%\Pictures\Sample Pictures&quot;.
            </summary>
        </member>
        <member name="P:Syroot.Windows.IO.KnownFolders.SamplePlaylists">
            <summary>
            The common Sample Playlists folder. Introduced in Windows Vista.
            Defaults to &quot;%PUBLIC%\Music\Sample Playlists&quot;.
            </summary>
        </member>
        <member name="P:Syroot.Windows.IO.KnownFolders.SampleVideos">
            <summary>
            The common Sample Videos folder.
            Defaults to &quot;%PUBLIC%\Videos\Sample Videos&quot;.
            </summary>
        </member>
        <member name="P:Syroot.Windows.IO.KnownFolders.SavedGames">
            <summary>
            The per-user Saved Games folder. Introduced in Windows Vista.
            Defaults to &quot;%USERPROFILE%\Saved Games&quot;.
            </summary>
        </member>
        <member name="P:Syroot.Windows.IO.KnownFolders.SavedSearches">
            <summary>
            The per-user Searches folder.
            Defaults to &quot;%USERPROFILE%\Searches&quot;.
            </summary>
        </member>
        <member name="P:Syroot.Windows.IO.KnownFolders.Screenshots">
            <summary>
            The per-user Screenshots folder. Introduced in Windows 8.
            Defaults to &quot;%USERPROFILE%\Pictures\Screenshots&quot;.
            </summary>
        </member>
        <member name="P:Syroot.Windows.IO.KnownFolders.SearchHistory">
            <summary>
            The per-user History folder. Introduced in Windows 8.1.
            Defaults to &quot;%LOCALAPPDATA%\Microsoft\Windows\ConnectedSearch\History&quot;.
            </summary>
        </member>
        <member name="P:Syroot.Windows.IO.KnownFolders.SearchTemplates">
            <summary>
            The per-user Templates folder. Introduced in Windows 8.1.
            Defaults to &quot;%LOCALAPPDATA%\Microsoft\Windows\ConnectedSearch\Templates&quot;.
            </summary>
        </member>
        <member name="P:Syroot.Windows.IO.KnownFolders.SendTo">
            <summary>
            The per-user SendTo folder.
            Defaults to &quot;%APPDATA%\Microsoft\Windows\SendTo&quot;.
            </summary>
        </member>
        <member name="P:Syroot.Windows.IO.KnownFolders.SidebarDefaultParts">
            <summary>
            The common Gadgets folder. Introduced in Windows 7.
            Defaults to &quot;%ProgramFiles%\Windows Sidebar\Gadgets&quot;.
            </summary>
        </member>
        <member name="P:Syroot.Windows.IO.KnownFolders.SidebarParts">
            <summary>
            The per-user Gadgets folder. Introduced in Windows 7.
            Defaults to &quot;%LOCALAPPDATA%\Microsoft\Windows Sidebar\Gadgets&quot;.
            </summary>
        </member>
        <member name="P:Syroot.Windows.IO.KnownFolders.SkyDrive">
            <summary>
            The per-user OneDrive folder. Introduced in Windows 8.1.
            Defaults to &quot;%USERPROFILE%\OneDrive&quot;.
            </summary>
        </member>
        <member name="P:Syroot.Windows.IO.KnownFolders.SkyDriveCameraRoll">
            <summary>
            The per-user OneDrive Camera Roll folder. Introduced in Windows 8.1.
            Defaults to &quot;%USERPROFILE%\OneDrive\Pictures\Camera Roll&quot;.
            </summary>
        </member>
        <member name="P:Syroot.Windows.IO.KnownFolders.SkyDriveDocuments">
            <summary>
            The per-user OneDrive Documents folder. Introduced in Windows 8.1.
            Defaults to &quot;%USERPROFILE%\OneDrive\Documents&quot;.
            </summary>
        </member>
        <member name="P:Syroot.Windows.IO.KnownFolders.SkyDrivePictures">
            <summary>
            The per-user OneDrive Pictures folder. Introduced in Windows 8.1.
            Defaults to &quot;%USERPROFILE%\OneDrive\Pictures&quot;.
            </summary>
        </member>
        <member name="P:Syroot.Windows.IO.KnownFolders.StartMenu">
            <summary>
            The per-user Start Menu folder.
            Defaults to &quot;%APPDATA%\Microsoft\Windows\Start Menu&quot;.
            </summary>
        </member>
        <member name="P:Syroot.Windows.IO.KnownFolders.Startup">
            <summary>
            The per-user Startup folder.
            Defaults to &quot;%APPDATA%\Microsoft\Windows\Start Menu\Programs\StartUp&quot;.
            </summary>
        </member>
        <member name="P:Syroot.Windows.IO.KnownFolders.System">
            <summary>
            The fixed System32 folder.
            This is the same as the <see cref="P:Syroot.Windows.IO.KnownFolders.SystemX86"/> known folder in 32-bit applications.
            Points to &quot;%WINDIR%\system32&quot; on 32-bit operating systems or in 64-bit applications on a 64-bit
            operating system and to &quot;%WINDIR%\syswow64&quot; in 32-bit applications on a 64-bit operating system.
            </summary>
        </member>
        <member name="P:Syroot.Windows.IO.KnownFolders.SystemX86">
            <summary>
            The fixed System32 folder (32-bit forced).
            This is the same as the <see cref="P:Syroot.Windows.IO.KnownFolders.System"/> known folder in 32-bit applications.
            Points to &quot;%WINDIR%\syswow64&quot; in 64-bit applications or in 32-bit applications on a 64-bit
            operating system and to &quot;%WINDIR%\system32&quot; on 32-bit operating systems.
            </summary>
        </member>
        <member name="P:Syroot.Windows.IO.KnownFolders.Templates">
            <summary>
            The per-user Templates folder.
            Defaults to &quot;%APPDATA%\Microsoft\Windows\Templates&quot;.
            </summary>
        </member>
        <member name="P:Syroot.Windows.IO.KnownFolders.UserPinned">
            <summary>
            The per-user User Pinned folder. Introduced in Windows 7.
            Defaults to &quot;%APPDATA%\Microsoft\Internet Explorer\Quick Launch\User Pinned&quot;.
            </summary>
        </member>
        <member name="P:Syroot.Windows.IO.KnownFolders.UserProfiles">
            <summary>
            The fixed Users folder. Introduced in Windows Vista.
            Points to &quot;%SYSTEMDRIVE%\Users&quot;.
            </summary>
        </member>
        <member name="P:Syroot.Windows.IO.KnownFolders.UserProgramFiles">
            <summary>
            The per-user Programs folder. Introduced in Windows 7.
            Defaults to &quot;%LOCALAPPDATA%\Programs.&quot;.
            </summary>
        </member>
        <member name="P:Syroot.Windows.IO.KnownFolders.UserProgramFilesCommon">
            <summary>
            The per-user common Programs folder. INtroduced in Windows 7.
            Defaults to &quot;%LOCALAPPDATA%\Programs\Common&quot;.
            </summary>
        </member>
        <member name="P:Syroot.Windows.IO.KnownFolders.Videos">
            <summary>
            The per-user Videos folder.
            Defaults to &quot;%USERPROFILE%\Videos&quot;.
            </summary>
        </member>
        <member name="P:Syroot.Windows.IO.KnownFolders.VideosLibrary">
            <summary>
            The per-user Videos library. Introduced in Windows 7.
            Defaults to &quot;%APPDATA%\Microsoft\Windows\Libraries\Videos.library-ms&quot;.
            </summary>
        </member>
        <member name="P:Syroot.Windows.IO.KnownFolders.Windows">
            <summary>
            The fixed Windows folder.
            Points to &quot;%WINDIR%&quot;.
            </summary>
        </member>
        <member name="T:Syroot.Windows.IO.KnownFolderType">
            <summary>
            Represents the list of standard folders registered with the system. These folders are installed with Windows
            Vista and later operating systems, and a computer will have only folders appropriate to it installed.
            </summary>
            <msdn-id>dd378457</msdn-id>
        </member>
        <member name="F:Syroot.Windows.IO.KnownFolderType.AccountPictures">
            <summary>
            The per-user Account Pictures folder. Introduced in Windows 8.
            Defaults to &quot;%APPDATA%\Microsoft\Windows\AccountPictures&quot;.
            </summary>
        </member>
        <member name="F:Syroot.Windows.IO.KnownFolderType.AdminTools">
            <summary>
            The per-user Administrative Tools folder.
            Defaults to &quot;%APPDATA%\Microsoft\Windows\Start Menu\Programs\Administrative Tools&quot;.
            </summary>
        </member>
        <member name="F:Syroot.Windows.IO.KnownFolderType.ApplicationShortcuts">
            <summary>
            The per-user Application Shortcuts folder. Introduced in Windows 8.
            Defaults to &quot;%LOCALAPPDATA%\Microsoft\Windows\Application Shortcuts&quot;.
            </summary>
        </member>
        <member name="F:Syroot.Windows.IO.KnownFolderType.CameraRoll">
            <summary>
            The per-user Camera Roll folder. Introduced in Windows 8.1.
            Defaults to &quot;.%USERPROFILE%\Pictures\Camera Roll&quot;.
            </summary>
        </member>
        <member name="F:Syroot.Windows.IO.KnownFolderType.CDBurning">
            <summary>
            The per-user Temporary Burn Folder.
            Defaults to &quot;%LOCALAPPDATA%\Microsoft\Windows\Burn\Burn&quot;.
            </summary>
        </member>
        <member name="F:Syroot.Windows.IO.KnownFolderType.CommonAdminTools">
            <summary>
            The common Administrative Tools folder.
            Defaults to &quot;%ALLUSERSPROFILE%\Microsoft\Windows\Start Menu\Programs\Administrative Tools&quot;.
            </summary>
        </member>
        <member name="F:Syroot.Windows.IO.KnownFolderType.CommonOemLinks">
            <summary>
            The common OEM Links folder.
            Defaults to &quot;%ALLUSERSPROFILE%\OEM Links&quot;.
            </summary>
        </member>
        <member name="F:Syroot.Windows.IO.KnownFolderType.CommonPrograms">
            <summary>
            The common Programs folder.
            Defaults to &quot;%ALLUSERSPROFILE%\Microsoft\Windows\Start Menu\Programs&quot;.
            </summary>
        </member>
        <member name="F:Syroot.Windows.IO.KnownFolderType.CommonStartMenu">
            <summary>
            The common Start Menu folder.
            Defaults to &quot;%ALLUSERSPROFILE%\Microsoft\Windows\Start Menu&quot;.
            </summary>
        </member>
        <member name="F:Syroot.Windows.IO.KnownFolderType.CommonStartup">
            <summary>
            The common Startup folder.
            Defaults to &quot;%ALLUSERSPROFILE%\Microsoft\Windows\Start Menu\Programs\StartUp&quot;.
            </summary>
        </member>
        <member name="F:Syroot.Windows.IO.KnownFolderType.CommonTemplates">
            <summary>
            The common Templates folder.
            Defaults to &quot;%ALLUSERSPROFILE%\Microsoft\Windows\Templates&quot;.
            </summary>
        </member>
        <member name="F:Syroot.Windows.IO.KnownFolderType.Contacts">
            <summary>
            The per-user Contacts folder. Introduced in Windows Vista.
            Defaults to &quot;%USERPROFILE%\Contacts&quot;.
            </summary>
        </member>
        <member name="F:Syroot.Windows.IO.KnownFolderType.Cookies">
            <summary>
            The per-user Cookies folder.
            Defaults to &quot;%APPDATA%\Microsoft\Windows\Cookies&quot;.
            </summary>
        </member>
        <member name="F:Syroot.Windows.IO.KnownFolderType.Desktop">
            <summary>
            The per-user Desktop folder.
            Defaults to &quot;%USERPROFILE%\Desktop&quot;.
            </summary>
        </member>
        <member name="F:Syroot.Windows.IO.KnownFolderType.DeviceMetadataStore">
            <summary>
            The common DeviceMetadataStore folder. Introduced in Windows 7.
            Defaults to &quot;%ALLUSERSPROFILE%\Microsoft\Windows\DeviceMetadataStore&quot;.
            </summary>
        </member>
        <member name="F:Syroot.Windows.IO.KnownFolderType.Documents">
            <summary>
            The per-user Documents folder.
            Defaults to &quot;%USERPROFILE%\Documents&quot;.
            </summary>
        </member>
        <member name="F:Syroot.Windows.IO.KnownFolderType.DocumentsLibrary">
            <summary>
            The per-user Documents library. Introduced in Windows 7.
            Defaults to &quot;%APPDATA%\Microsoft\Windows\Libraries\Documents.library-ms&quot;.
            </summary>
        </member>
        <member name="F:Syroot.Windows.IO.KnownFolderType.Downloads">
            <summary>
            The per-user Downloads folder.
            Defaults to &quot;%USERPROFILE%\Downloads&quot;.
            </summary>
        </member>
        <member name="F:Syroot.Windows.IO.KnownFolderType.Favorites">
            <summary>
            The per-user Favorites folder.
            Defaults to &quot;%USERPROFILE%\Favorites&quot;.
            </summary>
        </member>
        <member name="F:Syroot.Windows.IO.KnownFolderType.Fonts">
            <summary>
            The fixed Fonts folder.
            Points to &quot;%WINDIR%\Fonts&quot;.
            </summary>
        </member>
        <member name="F:Syroot.Windows.IO.KnownFolderType.GameTasks">
            <summary>
            The per-user GameExplorer folder. Introduced in Windows Vista.
            Defaults to &quot;%LOCALAPPDATA%\Microsoft\Windows\GameExplorer&quot;.
            </summary>
        </member>
        <member name="F:Syroot.Windows.IO.KnownFolderType.History">
            <summary>
            The per-user History folder.
            Defaults to &quot;%LOCALAPPDATA%\Microsoft\Windows\History&quot;.
            </summary>
        </member>
        <member name="F:Syroot.Windows.IO.KnownFolderType.ImplicitAppShortcuts">
            <summary>
            The per-user ImplicitAppShortcuts folder. Introduced in Windows 7.
            Defaults to &quot;%APPDATA%\Microsoft\Internet Explorer\Quick Launch\User Pinned\ImplicitAppShortcuts&quot;.
            </summary>
        </member>
        <member name="F:Syroot.Windows.IO.KnownFolderType.InternetCache">
            <summary>
            The per-user Temporary Internet Files folder.
            Defaults to &quot;%LOCALAPPDATA%\Microsoft\Windows\Temporary Internet Files&quot;.
            </summary>
        </member>
        <member name="F:Syroot.Windows.IO.KnownFolderType.Libraries">
            <summary>
            The per-user Libraries folder. Introduced in Windows 7.
            Defaults to &quot;%APPDATA%\Microsoft\Windows\Libraries&quot;.
            </summary>
        </member>
        <member name="F:Syroot.Windows.IO.KnownFolderType.Links">
            <summary>
            The per-user Links folder.
            Defaults to &quot;%USERPROFILE%\Links&quot;.
            </summary>
        </member>
        <member name="F:Syroot.Windows.IO.KnownFolderType.LocalAppData">
            <summary>
            The per-user Local folder.
            Defaults to &quot;%LOCALAPPDATA%&quot; (&quot;%USERPROFILE%\AppData\Local&quot;)&quot;.
            </summary>
        </member>
        <member name="F:Syroot.Windows.IO.KnownFolderType.LocalAppDataLow">
            <summary>
            The per-user LocalLow folder.
            Defaults to &quot;%USERPROFILE%\AppData\LocalLow&quot;.
            </summary>
        </member>
        <member name="F:Syroot.Windows.IO.KnownFolderType.LocalizedResourcesDir">
            <summary>
            The fixed LocalizedResourcesDir folder.
            Points to &quot;%WINDIR%\resources\0409&quot; (code page).
            </summary>
        </member>
        <member name="F:Syroot.Windows.IO.KnownFolderType.Music">
            <summary>
            The per-user Music folder.
            Defaults to &quot;%USERPROFILE%\Music&quot;.
            </summary>
        </member>
        <member name="F:Syroot.Windows.IO.KnownFolderType.MusicLibrary">
            <summary>
            The per-user Music library. Introduced in Windows 7.
            Defaults to &quot;%APPDATA%\Microsoft\Windows\Libraries\Music.library-ms&quot;.
            </summary>
        </member>
        <member name="F:Syroot.Windows.IO.KnownFolderType.NetHood">
            <summary>
            The per-user Network Shortcuts folder.
            Defaults to &quot;%APPDATA%\Microsoft\Windows\Network Shortcuts&quot;.
            </summary>
        </member>
        <member name="F:Syroot.Windows.IO.KnownFolderType.OriginalImages">
            <summary>
            The per-user Original Images folder. Introduced in Windows Vista.
            Defaults to &quot;%LOCALAPPDATA%\Microsoft\Windows Photo Gallery\Original Images&quot;.
            </summary>
        </member>
        <member name="F:Syroot.Windows.IO.KnownFolderType.PhotoAlbums">
            <summary>
            The per-user Slide Shows folder. Introduced in Windows Vista.
            Defaults to &quot;%USERPROFILE%\Pictures\Slide Shows&quot;.
            </summary>
        </member>
        <member name="F:Syroot.Windows.IO.KnownFolderType.PicturesLibrary">
            <summary>
            The per-user Pictures library. Introduced in Windows 7.
            Defaults to &quot;%APPDATA%\Microsoft\Windows\Libraries\Pictures.library-ms&quot;.
            </summary>
        </member>
        <member name="F:Syroot.Windows.IO.KnownFolderType.Pictures">
            <summary>
            The per-user Pictures folder.
            Defaults to &quot;%USERPROFILE%\Pictures&quot;.
            </summary>
        </member>
        <member name="F:Syroot.Windows.IO.KnownFolderType.Playlists">
            <summary>
            The per-user Playlists folder.
            Defaults to &quot;%USERPROFILE%\Music\Playlists&quot;.
            </summary>
        </member>
        <member name="F:Syroot.Windows.IO.KnownFolderType.PrintHood">
            <summary>
            The per-user Printer Shortcuts folder.
            Defaults to &quot;%APPDATA%\Microsoft\Windows\Printer Shortcuts&quot;.
            </summary>
        </member>
        <member name="F:Syroot.Windows.IO.KnownFolderType.Profile">
            <summary>
            The fixed user profile folder.
            Defaults to &quot;%USERPROFILE%&quot; (&quot;%SYSTEMDRIVE%\USERS\%USERNAME%&quot;)&quot;.
            </summary>
        </member>
        <member name="F:Syroot.Windows.IO.KnownFolderType.ProgramData">
            <summary>
            The fixed ProgramData folder.
            Points to &quot;%ALLUSERSPROFILE%&quot; (&quot;%PROGRAMDATA%&quot;,
            &quot;%SYSTEMDRIVE%\ProgramData&quot;).
            </summary>
        </member>
        <member name="F:Syroot.Windows.IO.KnownFolderType.ProgramFiles">
            <summary>
            The fixed Program Files folder.
            This is the same as the <see cref="F:Syroot.Windows.IO.KnownFolderType.ProgramFilesX86"/> known folder in 32-bit applications or the
            <see cref="F:Syroot.Windows.IO.KnownFolderType.ProgramFilesX64"/> known folder in 64-bit applications.
            Points to %SYSTEMDRIVE%\Program Files on a 32-bit operating system or in 64-bit applications on a 64-bit
            operating system and to %SYSTEMDRIVE%\Program Files (x86) in 32-bit applications on a 64-bit operating
            system.
            </summary>
        </member>
        <member name="F:Syroot.Windows.IO.KnownFolderType.ProgramFilesX64">
            <summary>
            The fixed Program Files folder (64-bit forced).
            This known folder is unsupported in 32-bit applications.
            Points to %SYSTEMDRIVE%\Program Files.
            </summary>
        </member>
        <member name="F:Syroot.Windows.IO.KnownFolderType.ProgramFilesX86">
            <summary>
            The fixed Program Files folder (32-bit forced).
            This is the same as the <see cref="F:Syroot.Windows.IO.KnownFolderType.ProgramFiles"/> known folder in 32-bit applications.
            Points to &quot;%SYSTEMDRIVE%\Program Files&quot; on a 32-bit operating system and to
            &quot;%SYSTEMDRIVE%\Program Files (x86)&quot; on a 64-bit operating system.
            </summary>
        </member>
        <member name="F:Syroot.Windows.IO.KnownFolderType.ProgramFilesCommon">
            <summary>
            The fixed Common Files folder.
            This is the same as the <see cref="F:Syroot.Windows.IO.KnownFolderType.ProgramFilesCommonX86"/> known folder in 32-bit applications or the
            <see cref="F:Syroot.Windows.IO.KnownFolderType.ProgramFilesCommonX64"/> known folder in 64-bit applications.
            Points to&quot; %PROGRAMFILES%\Common Files&quot; on a 32-bit operating system or in 64-bit applications on
            a 64-bit operating system and to &quot;%PROGRAMFILES(X86)%\Common Files&quot; in 32-bit applications on a
            64-bit operating system.
            </summary>
        </member>
        <member name="F:Syroot.Windows.IO.KnownFolderType.ProgramFilesCommonX64">
            <summary>
            The fixed Common Files folder (64-bit forced).
            This known folder is unsupported in 32-bit applications.
            Points to &quot;%PROGRAMFILES%\Common Files&quot;.
            </summary>
        </member>
        <member name="F:Syroot.Windows.IO.KnownFolderType.ProgramFilesCommonX86">
            <summary>
            The fixed Common Files folder (32-bit forced).
            This is the same as the <see cref="F:Syroot.Windows.IO.KnownFolderType.ProgramFilesCommon"/> known folder in 32-bit applications.
            Points to &quot;%PROGRAMFILES%\Common Files&quot; on a 32-bit operating system and to
            &quot;%PROGRAMFILES(X86)%\Common Files&quot; on a 64-bit operating system.
            </summary>
        </member>
        <member name="F:Syroot.Windows.IO.KnownFolderType.Programs">
            <summary>
            The per-user Programs folder.
            Defaults to &quot;%APPDATA%\Microsoft\Windows\Start Menu\Programs&quot;.
            </summary>
        </member>
        <member name="F:Syroot.Windows.IO.KnownFolderType.Public">
            <summary>
            The fixed Public folder. Introduced in Windows Vista.
            Defaults to &quot;%PUBLIC%&quot; (&quot;%SYSTEMDRIVE%\Users\Public)&quot;.
            </summary>
        </member>
        <member name="F:Syroot.Windows.IO.KnownFolderType.PublicDesktop">
            <summary>
            The common Public Desktop folder.
            Defaults to &quot;%PUBLIC%\Desktop&quot;.
            </summary>
        </member>
        <member name="F:Syroot.Windows.IO.KnownFolderType.PublicDocuments">
            <summary>
            The common Public Documents folder.
            Defaults to &quot;%PUBLIC%\Documents&quot;.
            </summary>
        </member>
        <member name="F:Syroot.Windows.IO.KnownFolderType.PublicDownloads">
            <summary>
            The common Public Downloads folder. Introduced in Windows Vista.
            Defaults to &quot;%PUBLIC%\Downloads&quot;.
            </summary>
        </member>
        <member name="F:Syroot.Windows.IO.KnownFolderType.PublicGameTasks">
            <summary>
            The common GameExplorer folder. Introduced in Windows Vista.
            Defaults to &quot;%ALLUSERSPROFILE%\Microsoft\Windows\GameExplorer&quot;.
            </summary>
        </member>
        <member name="F:Syroot.Windows.IO.KnownFolderType.PublicLibraries">
            <summary>
            The common Libraries folder. Introduced in Windows 7.
            Defaults to &quot;%ALLUSERSPROFILE%\Microsoft\Windows\Libraries&quot;.
            </summary>
        </member>
        <member name="F:Syroot.Windows.IO.KnownFolderType.PublicMusic">
            <summary>
            The common Public Music folder.
            Defaults to &quot;%PUBLIC%\Music&quot;.
            </summary>
        </member>
        <member name="F:Syroot.Windows.IO.KnownFolderType.PublicPictures">
            <summary>
            The common Public Pictures folder.
            Defaults to &quot;%PUBLIC%\Pictures&quot;.
            </summary>
        </member>
        <member name="F:Syroot.Windows.IO.KnownFolderType.PublicRingtones">
            <summary>
            The common Ringtones folder. Introduced in Windows 7.
            Defaults to &quot;%ALLUSERSPROFILE%\Microsoft\Windows\Ringtones&quot;.
            </summary>
        </member>
        <member name="F:Syroot.Windows.IO.KnownFolderType.PublicUserTiles">
            <summary>
            The common Public Account Pictures folder. Introduced in Windows 8.
            Defaults to &quot;%PUBLIC%\AccountPictures&quot;.
            </summary>
        </member>
        <member name="F:Syroot.Windows.IO.KnownFolderType.PublicVideos">
            <summary>
            The common Public Videos folder.
            Defaults to &quot;%PUBLIC%\Videos&quot;.
            </summary>
        </member>
        <member name="F:Syroot.Windows.IO.KnownFolderType.QuickLaunch">
            <summary>
            The per-user Quick Launch folder.
            Defaults to &quot;%APPDATA%\Microsoft\Internet Explorer\Quick Launch&quot;.
            </summary>
        </member>
        <member name="F:Syroot.Windows.IO.KnownFolderType.Recent">
            <summary>
            The per-user Recent Items folder.
            Defaults to &quot;%APPDATA%\Microsoft\Windows\Recent&quot;.
            </summary>
        </member>
        <member name="F:Syroot.Windows.IO.KnownFolderType.RecordedTVLibrary">
            <summary>
            The common Recorded TV library. Introduced in Windows 7.
            Defaults to &quot;%PUBLIC%\RecordedTV.library-ms&quot;.
            </summary>
        </member>
        <member name="F:Syroot.Windows.IO.KnownFolderType.ResourceDir">
            <summary>
            The fixed Resources folder.
            Points to &quot;%WINDIR%\Resources&quot;.
            </summary>
        </member>
        <member name="F:Syroot.Windows.IO.KnownFolderType.Ringtones">
            <summary>
            The per-user Ringtones folder. Introduced in Windows 7.
            Defaults to &quot;%LOCALAPPDATA%\Microsoft\Windows\Ringtones&quot;.
            </summary>
        </member>
        <member name="F:Syroot.Windows.IO.KnownFolderType.RoamingAppData">
            <summary>
            The per-user Roaming folder.
            Defaults to &quot;%APPDATA%&quot; (&quot;%USERPROFILE%\AppData\Roaming&quot;).
            </summary>
        </member>
        <member name="F:Syroot.Windows.IO.KnownFolderType.RoamedTileImages">
            <summary>
            The per-user RoamedTileImages folder. Introduced in Windows 8.
            Defaults to &quot;%LOCALAPPDATA%\Microsoft\Windows\RoamedTileImages&quot;.
            </summary>
        </member>
        <member name="F:Syroot.Windows.IO.KnownFolderType.RoamingTiles">
            <summary>
            The per-user RoamingTiles folder. Introduced in Windows 8.
            Defaults to &quot;%LOCALAPPDATA%\Microsoft\Windows\RoamingTiles&quot;.
            </summary>
        </member>
        <member name="F:Syroot.Windows.IO.KnownFolderType.SampleMusic">
            <summary>
            The common Sample Music folder.
            Defaults to &quot;%PUBLIC%\Music\Sample Music&quot;.
            </summary>
        </member>
        <member name="F:Syroot.Windows.IO.KnownFolderType.SamplePictures">
            <summary>
            The common Sample Pictures folder.
            Defaults to &quot;%PUBLIC%\Pictures\Sample Pictures&quot;.
            </summary>
        </member>
        <member name="F:Syroot.Windows.IO.KnownFolderType.SamplePlaylists">
            <summary>
            The common Sample Playlists folder. Introduced in Windows Vista.
            Defaults to &quot;%PUBLIC%\Music\Sample Playlists&quot;.
            </summary>
        </member>
        <member name="F:Syroot.Windows.IO.KnownFolderType.SampleVideos">
            <summary>
            The common Sample Videos folder.
            Defaults to &quot;%PUBLIC%\Videos\Sample Videos&quot;.
            </summary>
        </member>
        <member name="F:Syroot.Windows.IO.KnownFolderType.SavedGames">
            <summary>
            The per-user Saved Games folder. Introduced in Windows Vista.
            Defaults to &quot;%USERPROFILE%\Saved Games&quot;.
            </summary>
        </member>
        <member name="F:Syroot.Windows.IO.KnownFolderType.SavedSearches">
            <summary>
            The per-user Searches folder.
            Defaults to &quot;%USERPROFILE%\Searches&quot;.
            </summary>
        </member>
        <member name="F:Syroot.Windows.IO.KnownFolderType.Screenshots">
            <summary>
            The per-user Screenshots folder. Introduced in Windows 8.
            Defaults to &quot;%USERPROFILE%\Pictures\Screenshots&quot;.
            </summary>
        </member>
        <member name="F:Syroot.Windows.IO.KnownFolderType.SearchHistory">
            <summary>
            The per-user History folder. Introduced in Windows 8.1.
            Defaults to &quot;%LOCALAPPDATA%\Microsoft\Windows\ConnectedSearch\History&quot;.
            </summary>
        </member>
        <member name="F:Syroot.Windows.IO.KnownFolderType.SearchTemplates">
            <summary>
            The per-user Templates folder. Introduced in Windows 8.1.
            Defaults to &quot;%LOCALAPPDATA%\Microsoft\Windows\ConnectedSearch\Templates&quot;.
            </summary>
        </member>
        <member name="F:Syroot.Windows.IO.KnownFolderType.SendTo">
            <summary>
            The per-user SendTo folder.
            Defaults to &quot;%APPDATA%\Microsoft\Windows\SendTo&quot;.
            </summary>
        </member>
        <member name="F:Syroot.Windows.IO.KnownFolderType.SidebarDefaultParts">
            <summary>
            The common Gadgets folder. Introduced in Windows 7.
            Defaults to &quot;%ProgramFiles%\Windows Sidebar\Gadgets&quot;.
            </summary>
        </member>
        <member name="F:Syroot.Windows.IO.KnownFolderType.SidebarParts">
            <summary>
            The per-user Gadgets folder. Introduced in Windows 7.
            Defaults to &quot;%LOCALAPPDATA%\Microsoft\Windows Sidebar\Gadgets&quot;.
            </summary>
        </member>
        <member name="F:Syroot.Windows.IO.KnownFolderType.SkyDrive">
            <summary>
            The per-user OneDrive folder. Introduced in Windows 8.1.
            Defaults to &quot;%USERPROFILE%\OneDrive&quot;.
            </summary>
        </member>
        <member name="F:Syroot.Windows.IO.KnownFolderType.SkyDriveCameraRoll">
            <summary>
            The per-user OneDrive Camera Roll folder. Introduced in Windows 8.1.
            Defaults to &quot;%USERPROFILE%\OneDrive\Pictures\Camera Roll&quot;.
            </summary>
        </member>
        <member name="F:Syroot.Windows.IO.KnownFolderType.SkyDriveDocuments">
            <summary>
            The per-user OneDrive Documents folder. Introduced in Windows 8.1.
            Defaults to &quot;%USERPROFILE%\OneDrive\Documents&quot;.
            </summary>
        </member>
        <member name="F:Syroot.Windows.IO.KnownFolderType.SkyDrivePictures">
            <summary>
            The per-user OneDrive Pictures folder. Introduced in Windows 8.1.
            Defaults to &quot;%USERPROFILE%\OneDrive\Pictures&quot;.
            </summary>
        </member>
        <member name="F:Syroot.Windows.IO.KnownFolderType.StartMenu">
            <summary>
            The per-user Start Menu folder.
            Defaults to &quot;%APPDATA%\Microsoft\Windows\Start Menu&quot;.
            </summary>
        </member>
        <member name="F:Syroot.Windows.IO.KnownFolderType.Startup">
            <summary>
            The per-user Startup folder.
            Defaults to &quot;%APPDATA%\Microsoft\Windows\Start Menu\Programs\StartUp&quot;.
            </summary>
        </member>
        <member name="F:Syroot.Windows.IO.KnownFolderType.System">
            <summary>
            The fixed System32 folder.
            This is the same as the <see cref="F:Syroot.Windows.IO.KnownFolderType.SystemX86"/> known folder in 32-bit applications.
            Points to &quot;%WINDIR%\system32&quot; on 32-bit operating systems or in 64-bit applications on a 64-bit
            operating system and to &quot;%WINDIR%\syswow64&quot; in 32-bit applications on a 64-bit operating system.
            </summary>
        </member>
        <member name="F:Syroot.Windows.IO.KnownFolderType.SystemX86">
            <summary>
            The fixed System32 folder (32-bit forced).
            This is the same as the <see cref="F:Syroot.Windows.IO.KnownFolderType.System"/> known folder in 32-bit applications.
            Points to &quot;%WINDIR%\syswow64&quot; in 64-bit applications or in 32-bit applications on a 64-bit
            operating system and to &quot;%WINDIR%\system32&quot; on 32-bit operating systems.
            </summary>
        </member>
        <member name="F:Syroot.Windows.IO.KnownFolderType.Templates">
            <summary>
            The per-user Templates folder.
            Defaults to &quot;%APPDATA%\Microsoft\Windows\Templates&quot;.
            </summary>
        </member>
        <member name="F:Syroot.Windows.IO.KnownFolderType.UserPinned">
            <summary>
            The per-user User Pinned folder. Introduced in Windows 7.
            Defaults to &quot;%APPDATA%\Microsoft\Internet Explorer\Quick Launch\User Pinned&quot;.
            </summary>
        </member>
        <member name="F:Syroot.Windows.IO.KnownFolderType.UserProfiles">
            <summary>
            The fixed Users folder. Introduced in Windows Vista.
            Points to &quot;%SYSTEMDRIVE%\Users&quot;.
            </summary>
        </member>
        <member name="F:Syroot.Windows.IO.KnownFolderType.UserProgramFiles">
            <summary>
            The per-user Programs folder. Introduced in Windows 7.
            Defaults to &quot;%LOCALAPPDATA%\Programs.&quot;.
            </summary>
        </member>
        <member name="F:Syroot.Windows.IO.KnownFolderType.UserProgramFilesCommon">
            <summary>
            The per-user common Programs folder. INtroduced in Windows 7.
            Defaults to &quot;%LOCALAPPDATA%\Programs\Common&quot;.
            </summary>
        </member>
        <member name="F:Syroot.Windows.IO.KnownFolderType.Videos">
            <summary>
            The per-user Videos folder.
            Defaults to &quot;%USERPROFILE%\Videos&quot;.
            </summary>
        </member>
        <member name="F:Syroot.Windows.IO.KnownFolderType.VideosLibrary">
            <summary>
            The per-user Videos library. Introduced in Windows 7.
            Defaults to &quot;%APPDATA%\Microsoft\Windows\Libraries\Videos.library-ms&quot;.
            </summary>
        </member>
        <member name="F:Syroot.Windows.IO.KnownFolderType.Windows">
            <summary>
            The fixed Windows folder.
            Points to &quot;%WINDIR%&quot;.
            </summary>
        </member>
        <member name="T:Syroot.Windows.IO.KnownFolderTypeExtensions">
            <summary>
            Represents extension methods for the <see cref="T:Syroot.Windows.IO.KnownFolderType"/> type.
            </summary>
        </member>
        <member name="M:Syroot.Windows.IO.KnownFolderTypeExtensions.GetGuid(Syroot.Windows.IO.KnownFolderType)">
            <summary>
            Gets the <see cref="T:System.Guid"/> with which the <see cref="T:Syroot.Windows.IO.KnownFolderType"/> enumeration member has been
            decorated.
            </summary>
            <param name="value">The decorated <see cref="T:Syroot.Windows.IO.KnownFolderType"/> enumeration member.</param>
            <returns>The <see cref="T:System.Guid"/> of the <see cref="T:Syroot.Windows.IO.KnownFolderType"/>.</returns>
        </member>
        <member name="T:Syroot.Windows.IO.KnownFolderGuidAttribute">
            <summary>
            Represents an attribute to decorate the members of the <see cref="T:Syroot.Windows.IO.KnownFolderType"/> enumeration with their
            corresponding <see cref="P:Syroot.Windows.IO.KnownFolderGuidAttribute.Guid"/> on the Windows system.
            </summary>
        </member>
        <member name="M:Syroot.Windows.IO.KnownFolderGuidAttribute.#ctor(System.String)">
            <summary>
            Initializes a new instance of the <see cref="T:Syroot.Windows.IO.KnownFolderGuidAttribute"/> class with the given string
            representing the GUID of the <see cref="T:Syroot.Windows.IO.KnownFolderType"/>.
            </summary>
            <param name="guid">The GUID string of the <see cref="T:Syroot.Windows.IO.KnownFolderType"/>.</param>
        </member>
        <member name="P:Syroot.Windows.IO.KnownFolderGuidAttribute.Guid">
            <summary>
            Gets the <see cref="P:Syroot.Windows.IO.KnownFolderGuidAttribute.Guid"/> for the <see cref="T:Syroot.Windows.IO.KnownFolderType"/> enumeration member.
            </summary>
        </member>
    </members>
</doc>
